[{"nom" : "Bordeaux", "population" : 215374, "superficie" : 49.4, "rang" : "9","y":44.837789,"x" :-0.5791799999999512},
{"nom" : "Marseille", "population" : 797491, "superficie" : 	240.6, "rang" :	2,"y":43.296482, "x": 5.369779999999992 },
{"nom" : "Lyon", "population" : 445274, "superficie" :	47.9, "rang" :	3,"y":45.764043, "x": 4.835658999999964},
{"nom" : "Toulouse", "population" : 390301, "superficie" :	118.3, "rang" :	4,"y":43.604652, "x": 1.4442090000000007},
{"nom" : "Nancy", "population" : 103552, "superficie" : 15.0, "rang" :	37,"y":48.692054, "x":6.184416999999939},
{"nom" : "Nice", "population" : 343123, "superficie" :	71.9, "rang" :	5,"y":43.7101728, "x":7.261953199999994},
{"nom" : "Paris","population":2125851,"superficie":105.4,"rang":1, "y":48.856614, "x":2.3522219000000177},
{"nom" : "Nantes", "population" : 270343, "superficie" :	65.2, "rang" :	6,"y":47.218371, "x": -1.553621000000021},
{"nom" : "Strasbourg", "population" : 263941, "superficie" : 78.3, "rang" :	7,"y":48.5734053, "x":7.752111300000024},
{"nom" : "Montpellier","population" : 225511, "superficie" : 56.9, "rang": 8,"y":43.610769, "x": 3.8767159999999876}]