[{"nom" : "Bordeaux", "population" : 215374, "superficie" : 49.4, "rang" : "9"},
{"nom" : "Marseille", "population" : 797491, "superficie" : 	240.6, "rang" :	2 },
{"nom" : "Lyon", "population" : 445274, "superficie" :	47.9, "rang" :	3},
{"nom" : "Toulouse", "population" : 390301, "superficie" :	118.3, "rang" :	4},
{"nom" : "Nancy", "population" : 103552, "superficie" : 15.0, "rang" :	37},
{"nom" : "Nice", "population" : 343123, "superficie" :	71.9, "rang" :	5},
{"nom" : "Paris","population":2125851,"superficie":105.4,"rang":1},
{"nom" : "Nantes", "population" : 270343, "superficie" :	65.2, "rang" :	6},
{"nom" : "Strasbourg", "population" : 263941, "superficie" : 78.3, "rang" :	7},
{"nom" : "Montpellier","population" : 225511, "superficie" : 56.9, "rang": 8}]